Butch,Tarbett,btarbett0@opensource.org,999-798-2806
Portie,Jellicorse,pjellicorse1@house.gov,439-645-3136
Alethea,Watting,awatting2@epa.gov,522-648-0163
Darb,Dawbery,ddawbery3@jugem.jp,598-497-8345
Tabor,Claringbold,tclaringbold4@phpbb.com,800-991-4799
Darrelle,Raspel,draspel5@webeden.co.uk,498-291-8002
Desmond,Hatfield,dhatfield6@go.com,141-536-0093
Louisette,Hassett,lhassett7@biblegateway.com,889-181-9324
Elyse,Kennefick,ekennefick8@utexas.edu,670-401-9441
Gallard,Swannack,gswannack9@loc.gov,173-532-7709
Morty,Silcox,msilcoxa@independent.co.uk,446-402-4725
Farra,Dinneen,fdinneenb@squarespace.com,274-438-5886
Serge,Fonquernie,sfonquerniec@home.pl,409-212-5559
Yolane,Bedburrow,ybedburrowd@drupal.org,439-421-4384
Katerina,Carlick,kcarlicke@unblog.fr,494-290-9615
Wyndham,Ladbury,wladburyf@tumblr.com,508-952-5723
Hailey,Dungate,hdungateg@bloomberg.com,809-102-6548
Joey,Luxton,jluxtonh@jimdo.com,993-501-9178
Filmer,MacElholm,fmacelholmi@com.com,815-470-5034
Alvira,Widdop,awiddopj@statcounter.com,491-827-5549
Angie,Stump,astumpk@bigcartel.com,753-512-4471
Tiffie,Thirsk,tthirskl@cargocollective.com,967-430-9387
Natty,Elloway,nellowaym@loc.gov,533-106-0910
Kendrick,Ansell,kanselln@tripod.com,601-234-2023
Nikoletta,Chitty,nchittyo@wired.com,909-829-0713
Merill,Vanini,mvaninip@narod.ru,564-460-4640
Cristabel,De Bischop,cdebischopq@stanford.edu,973-666-8768
Lainey,Caltera,lcalterar@intel.com,152-136-8582
Elston,Sooley,esooleys@webnode.com,504-691-2608
Rosina,McGougan,rmcgougant@uol.com.br,976-756-8410
Ky,Rozet,krozetu@flickr.com,228-420-1978
Dorine,Farris,dfarrisv@slashdot.org,258-714-0562
Elissa,Mogie,emogiew@paypal.com,168-211-4277
Tim,Janssens,tjanssensx@photobucket.com,503-910-8783
Faith,Beardshall,fbeardshally@sun.com,765-105-8161
Emalee,Gale,egalez@jalbum.net,609-330-9719
Nadiya,Cosely,ncosely10@google.com.au,679-155-2572
Kayle,Bettanay,kbettanay11@icq.com,435-260-7914
Jo-ann,Freiburger,jfreiburger12@wikimedia.org,521-910-1307
Artur,Petschelt,apetschelt13@nationalgeographic.com,492-848-8864
Puff,Peltz,ppeltz14@google.nl,549-817-4091
Anette,Human,ahuman15@biblegateway.com,424-425-3844
Roslyn,Darben,rdarben16@adobe.com,511-295-5853
Hermina,Jecks,hjecks17@stanford.edu,673-752-0769
Rudie,Rawling,rrawling18@dailymotion.com,265-178-3479
Konstanze,Dack,kdack19@creativecommons.org,885-476-0630
Kelvin,Begley,kbegley1a@booking.com,388-495-2054
Celestyn,Benettolo,cbenettolo1b@nba.com,370-746-5162
Fedora,Tunnock,ftunnock1c@pen.io,556-603-9841
Christopher,Letham,cletham1d@networksolutions.com,716-152-5431
Viola,Dollimore,vdollimore1e@prweb.com,798-441-9902
Thorstein,Adamik,tadamik1f@t-online.de,386-276-7995
Warren,McLese,wmclese1g@ucla.edu,868-648-9522
Leyla,Mellmer,lmellmer1h@goodreads.com,634-834-7756
Birdie,Stuckey,bstuckey1i@usgs.gov,800-823-2985
Chrissie,Richardsson,crichardsson1j@pen.io,794-306-1102
Martie,Toghill,mtoghill1k@globo.com,127-766-2811
Frankie,Theodore,ftheodore1l@de.vu,312-202-8900
Iris,Bangs,ibangs1m@feedburner.com,592-940-8160
Mirna,Kollach,mkollach1n@businessweek.com,779-957-8812
